{
  "R": [
    [
      -0.0049723204238617535,
      -0.0014353161433543482,
      0.999986607858911
    ],
    [
      -0.7704393643610806,
      -0.6374956171385207,
      -0.004745942695690508
    ],
    [
      0.6374938916354389,
      -0.7704526448762087,
      0.002064008420077257
    ]
  ],
  "t": [
    -1.6949538035212501,
    291.56943638391544,
    32.965897178354105
  ],
  "mean_reprojection_error": 3.2246977937547943,
  "num_points": 12,
  "note": "Transform from world_coord (eef) frame to camera frame"
}